Book Name,Price,Rating,Availability
It's Only the Himalayas,Â£45.17,Two,In stock
Full Moon over Noahâs Ark: An Odyssey to Mount Ararat and Beyond,Â£49.43,Four,In stock
See America: A Celebration of Our National Parks & Treasured Sites,Â£48.87,Three,In stock
Vagabonding: An Uncommon Guide to the Art of Long-Term World Travel,Â£36.94,Two,In stock
Under the Tuscan Sun,Â£37.33,Three,In stock
A Summer In Europe,Â£44.34,Two,In stock
The Great Railway Bazaar,Â£30.54,One,In stock
A Year in Provence (Provence #1),Â£56.88,Four,In stock
The Road to Little Dribbling: Adventures of an American in Britain (Notes From a Small Island #2),Â£23.21,One,In stock
Neither Here nor There: Travels in Europe,Â£38.95,Three,In stock
"1,000 Places to See Before You Die",Â£26.08,Five,In stock
